
CREATE TABLE rating_type (
	rating_type_code 	CHAR(2),
	name 				VARCHAR(40)
);

INSERT INTO rating_type VALUES ('PF', 'Percent Favorable');
INSERT INTO rating_type VALUES ('NA', 'Numeric Average (Out of 100)');



CREATE TABLE rating_source (
	rating_source_id 	INT,
	name 				VARCHAR(40)
);

INSERT INTO rating_source VALUES (10001, 'Rotten Tomatoes Overall');
INSERT INTO rating_source VALUES (10002, 'Rotten Tomatoes Top Critics');
INSERT INTO rating_source VALUES (10003, 'Metacritic');



CREATE TABLE rating (
	movie_id 			INT,
	rating_type_code 	CHAR(2),
	rating_source_id 	INT,
	rating_aggregate	INT,
	number_of_reviews 	INT
);

INSERT INTO rating VALUES (1001, 'PF', 10001, 98, 45);
INSERT INTO rating VALUES (1002, 'PF', 10001, 96, 48);
INSERT INTO rating VALUES (1003, 'PF', 10001, 96, 52);
INSERT INTO rating VALUES (1004, 'PF', 10001, 85, 39);
INSERT INTO rating VALUES (1005, 'PF', 10001, 71, 38);
INSERT INTO rating VALUES (1006, 'PF', 10001, 81, 42);
INSERT INTO rating VALUES (1007, 'PF', 10001, 64, 39);
INSERT INTO rating VALUES (1008, 'PF', 10001, 65, 40);
INSERT INTO rating VALUES (1009, 'PF', 10001, 46, 37);
INSERT INTO rating VALUES (1010, 'PF', 10001, 78, 41);
INSERT INTO rating VALUES (1011, 'PF', 10001, 62, 39);
INSERT INTO rating VALUES (1012, 'PF', 10001, 73, 40);
INSERT INTO rating VALUES (1013, 'PF', 10001, 43, 35);
INSERT INTO rating VALUES (1015, 'PF', 10001, 36, 44);
INSERT INTO rating VALUES (1016, 'PF', 10001, 75, 36);
INSERT INTO rating VALUES (1017, 'PF', 10001, 74, 38);
INSERT INTO rating VALUES (1018, 'PF', 10001, 82, 49);
INSERT INTO rating VALUES (1019, 'PF', 10001, 57, 63);
INSERT INTO rating VALUES (1020, 'PF', 10001, 51, 120);
INSERT INTO rating VALUES (1021, 'PF', 10001, 57, 197);
INSERT INTO rating VALUES (1022, 'PF', 10001, 95, 220);
INSERT INTO rating VALUES (1023, 'PF', 10001, 64, 244);
INSERT INTO rating VALUES (1024, 'PF', 10001, 92, 273);
INSERT INTO rating VALUES (1014, 'PF', 10001, 59, 39);
INSERT INTO rating VALUES (1001, 'PF', 10002, 100, 6);
INSERT INTO rating VALUES (1002, 'PF', 10002, 100, 10);
INSERT INTO rating VALUES (1003, 'PF', 10002, 89, 9);
INSERT INTO rating VALUES (1004, 'PF', 10002, 100, 6);
INSERT INTO rating VALUES (1005, 'PF', 10002, 38, 8);
INSERT INTO rating VALUES (1006, 'PF', 10002, 71, 7);
INSERT INTO rating VALUES (1007, 'PF', 10002, 75, 8);
INSERT INTO rating VALUES (1008, 'PF', 10002, 63, 8);
INSERT INTO rating VALUES (1009, 'PF', 10002, 14, 7);
INSERT INTO rating VALUES (1010, 'PF', 10002, 50, 6);
INSERT INTO rating VALUES (1011, 'PF', 10002, 63, 8);
INSERT INTO rating VALUES (1012, 'PF', 10002, 43, 7);
INSERT INTO rating VALUES (1013, 'PF', 10002, 57, 7);
INSERT INTO rating VALUES (1015, 'PF', 10002, 14, 7);
INSERT INTO rating VALUES (1016, 'PF', 10002, 75, 8);
INSERT INTO rating VALUES (1017, 'PF', 10002, 57, 7);
INSERT INTO rating VALUES (1018, 'PF', 10002, 73, 11);
INSERT INTO rating VALUES (1019, 'PF', 10002, 55, 11);
INSERT INTO rating VALUES (1020, 'PF', 10002, 44, 9);
INSERT INTO rating VALUES (1021, 'PF', 10002, 53, 15);
INSERT INTO rating VALUES (1022, 'PF', 10002, 88, 17);
INSERT INTO rating VALUES (1023, 'PF', 10002, 58, 19);
INSERT INTO rating VALUES (1024, 'PF', 10002, 89, 19);
INSERT INTO rating VALUES (1014, 'PF', 10002, 75, 8);
INSERT INTO rating VALUES (1018, 'NA', 10003, 65 , 18);
INSERT INTO rating VALUES (1019, 'NA', 10003, 56 , 21);
INSERT INTO rating VALUES (1020, 'NA', 10003, 59 , 33);
INSERT INTO rating VALUES (1021, 'NA', 10003, 56 , 37);
INSERT INTO rating VALUES (1022, 'NA', 10003, 81 , 38);
INSERT INTO rating VALUES (1023, 'NA', 10003, 58 , 38);
INSERT INTO rating VALUES (1024, 'NA', 10003, 81 , 43);

